{"cameraMode":{"drawMode":0,"name":"Shaded","section":"Shading Mode"},"sceneLighting":false,"audioPlay":false,"sceneViewState":{"m_AlwaysRefresh":false,"showFog":true,"showSkybox":false,"showFlares":true,"showImageEffects":true,"showParticleSystems":true,"showVisualEffectGraphs":true,"m_FxEnabled":true},"in2DMode":false,"pivot":{"x":13.543238639831543,"y":6.160341739654541,"z":10.557574272155762},"rotation":{"x":-0.38463956117630007,"y":0.0779499039053917,"z":-0.032612331211566928,"w":-0.9191989302635193},"size":19.863922119140626,"orthographic":false}